{"cameraMode":{"drawMode":0,"name":"Shaded","section":"Shading Mode"},"sceneLighting":true,"audioPlay":false,"sceneViewState":{"m_AlwaysRefresh":false,"showFog":true,"showSkybox":true,"showFlares":true,"showImageEffects":true,"showParticleSystems":true,"showVisualEffectGraphs":true,"m_FxEnabled":true},"in2DMode":false,"pivot":{"x":4.110297679901123,"y":33.86485290527344,"z":0.43775302171707156},"rotation":{"x":0.01845715194940567,"y":0.7291721105575562,"z":-0.6838160157203674,"w":0.01968148536980152},"size":2.1385443210601808,"orthographic":false}